AoA_deg,Velocity_mps,Lift_N,Drag_N,L_to_D,C_L,C_D
0.0,20.0,0.0,2.8672966835347715,0.0,0.0,0.012
0.30612244897959184,20.0,7.996964646716168,2.9414691195412885,2.7186974677345126,0.033790775553889235,0.012050712894440195
0.6122448979591837,20.0,16.294844204832554,3.0584843122182983,5.327751442025221,0.06758149246765399,0.012202851835802827
0.9183673469387755,20.0,25.538445304879087,3.0063865381223,8.494731126899485,0.10137209210116982,0.012456416683114853
1.2244897959183674,20.0,33.49622814125034,3.137013980624351,10.677742703136975,0.1351625158143122,0.012811406591359162
1.5306122448979593,20.0,41.83750210422025,3.2161210105071127,13.008684053720783,0.16895270496695675,0.013267820011482209
1.836734693877551,20.0,50.11632541329679,3.3050509046864827,15.16355628357586,0.20274260091897883,0.013825654690404693
2.142857142857143,20.0,56.80618462732319,3.5115048919923115,16.177162320595045,0.23653214503025413,0.014484907671035326
2.4489795918367347,20.0,65.36115353794038,3.824047059219928,17.092141525913515,0.270321278660658,0.015245575292287605
2.7551020408163267,20.0,74.25802942214435,3.8662222561171897,19.206870299464104,0.30410994317006623,0.016107653189099694
3.0612244897959187,20.0,84.13104056521163,4.171131207275042,20.16983796109679,0.3378980799183542,0.01707113629245731
3.36734693877551,20.0,90.94350515958362,4.335706227340946,20.975476748423183,0.37168563026539725,0.0181360188294197
3.673469387755102,20.0,96.47941934064234,4.676237978724447,20.631845466290695,0.4054725355710711,0.01930229432314865
3.979591836734694,20.0,107.46284085459872,5.158508052495077,20.83215529781346,0.43925873719525144,0.020569955592940576
4.285714285714286,20.0,111.30537162887356,5.462530041339081,20.376157345871224,0.4730441764978135,0.02193899475426161
4.591836734693878,20.0,115.86949799226466,5.806220027950236,19.956098362529666,0.506828794838633,0.023409403218785835
4.8979591836734695,20.0,134.968116392042,6.096541158786928,22.138473747120173,0.5406125335775851,0.02498117169443647
5.204081632653061,20.0,145.36319163728746,6.358645787988852,22.86071539192683,0.5743953340745458,0.02665429018543021
5.510204081632653,20.0,152.67068167817177,6.800235741221607,22.450792514840924,0.6081771376893904,0.028428747992324525
5.816326530612245,20.0,156.54871743460166,7.266304080087712,21.544476491646073,0.6419578857819945,0.03030453371206808
6.122448979591837,20.0,166.61819538153307,7.973965401555434,20.895274432596842,0.6757375197122337,0.032281635238054204
6.428571428571429,20.0,179.09498711511725,8.511375283242101,21.041838851558367,0.7095159808399831,0.03436003976017735
6.73469387755102,20.0,182.74576642139945,8.841186146159648,20.669824546198345,0.7432932105251187,0.036539733764892716
7.040816326530613,20.0,191.27268328286993,9.614922472317746,19.89331519141852,0.7770691501275161,0.038820703035278854
7.346938775510204,20.0,193.46127724939092,10.395196059770528,18.610642467638222,0.8108437410070501,0.04120293265110326
7.653061224489796,20.0,204.50434735873867,10.54778936957266,19.38836093453619,0.8446169245235969,0.04368640698889123
7.959183673469388,20.0,214.0966443845545,11.197453212710544,19.12011957697018,0.8783886420370322,0.04627110972199757
8.26530612244898,20.0,227.8392600346984,12.099812925526587,18.829982036667133,0.9121588349072308,0.04895702382068137
8.571428571428571,20.0,236.302186969781,12.625481894531303,18.71629051023666,0.9459274444940685,0.051744131552184026
8.877551020408163,20.0,244.32618458968403,13.838704729105723,17.655278392913058,0.9796944121574211,0.05463241448081011
9.183673469387756,20.0,250.41442308306713,14.388245695779155,17.404096953704865,1.013459679257164,0.057621853468011346
9.489795918367347,20.0,248.61583043428226,14.86824099610581,16.721267196260676,1.0472231871531723,0.060712428672473714
9.795918367346939,20.0,260.49244816858067,15.778064401497641,16.509784821505413,1.080984877205322,0.06390411955020754
10.10204081632653,20.0,278.83731964004454,16.661082412215322,16.735846611959065,1.1147446907734888,0.0671969048546407
10.408163265306122,20.0,277.9211576515153,17.247247880134267,16.113942327670177,1.148502569217548,0.0705907626367147
10.714285714285715,20.0,287.2577931000482,18.33944937271103,15.66338155863533,1.1822584538973748,0.07408567024498414
11.020408163265307,20.0,297.58906794129103,18.590175992078898,16.00786716963255,1.2160122861728453,0.07768160432571883
11.326530612244898,20.0,305.4028838254568,20.237413697955443,15.091003642244623,1.249764007403834,0.08137854082300935
11.63265306122449,20.0,319.4464945997953,20.909027606865383,15.277922082560478,1.2835135589502178,0.08517645497887545
11.938775510204081,20.0,326.8625309583162,22.087366033220437,14.798619738845256,1.3172608821718712,0.08907532133337744
12.244897959183675,20.0,333.9487426033055,22.65931431488971,14.737813243707192,1.3510059184286707,0.0930751137247309
12.551020408163266,20.0,339.3585995097114,24.050106931826594,14.11048193971324,1.3847486090804906,0.09717580528942395
12.857142857142858,20.0,347.57672355187293,25.303194928486512,13.736475750758599,1.418488895487207,0.10137736846233837
13.16326530612245,20.0,352.1478209559819,25.597193885989064,13.757282244470332,1.4522267190086957,0.10567977497687296
13.46938775510204,20.0,363.88389131405273,26.073405526050447,13.956132080655488,1.4859620210048319,0.11008299586507048
13.775510204081632,20.0,375.61176534733835,28.48900002344052,13.184448911449612,1.5196947428354914,0.11458700145774733
14.081632653061225,20.0,391.6224815880842,29.384883646778494,13.327344981031372,1.5534248258605494,0.11919176138462649
14.387755102040817,20.0,395.5540040261312,30.699850799703757,12.884557863387016,1.5871522114398822,0.12389724457447346
14.693877551020408,20.0,395.91478057253664,30.960015545729068,12.787938687813517,1.6208768409333634,0.1287034192552351
15.0,20.0,393.92386370156555,33.41060726747691,11.790383232124764,1.6545986557008705,0.1336102529541821
0.0,24.444444444444443,0.0,4.383744482186367,0.0,0.0,0.012
0.30612244897959184,24.444444444444443,12.04323609598625,4.322200525409276,2.786366811346833,0.03393705744318383,0.012050712894440195
0.6122448979591837,24.444444444444443,24.058523572452135,4.618203480441697,5.20949838488951,0.06787405599238726,0.012202851835802827
0.9183673469387755,24.444444444444443,37.82181419591677,4.504623406843298,8.396221122160608,0.10181093675362993,0.012456416683114853
1.2244897959183674,24.444444444444443,48.91035231377989,4.6191648783177675,10.588570358976302,0.13574764083293142,0.012811406591359162
1.5306122448979593,24.444444444444443,61.03355585783467,4.818990990407259,12.665214767848456,0.16968410933631142,0.013267820011482209
1.836734693877551,24.444444444444443,76.67047569263967,4.948755135012914,15.49288126021608,0.20362028336978938,0.013825654690404693
2.142857142857143,24.444444444444443,83.03901498110906,5.205750530850572,15.951401145521519,0.2375561040393851,0.014484907671035326
2.4489795918367347,24.444444444444443,100.29587637517045,5.663613807023538,17.708812746164284,0.271491512451118,0.015245575292287605
2.7551020408163267,24.444444444444443,112.60203115337853,5.711539914421543,19.714828722296115,0.30542644971100796,0.016107653189099694
3.0612244897959187,24.444444444444443,122.26581590717308,6.235931087017388,19.606665660837532,0.33936085692507434,0.01707113629245731
3.36734693877551,24.444444444444443,132.9712044412928,6.65471171351594,19.981512372838612,0.37329467519933673,0.0181360188294197
3.673469387755102,24.444444444444443,147.86482732326448,7.0389398191221435,21.00669008727302,0.4072278456398149,0.01930229432314865
3.979591836734694,24.444444444444443,151.68324912665386,7.31204462392132,20.74430025090695,0.4411603093525286,0.020569955592940576
4.285714285714286,24.444444444444443,170.83122806830391,7.960993791252649,21.458530498542682,0.47509200744349706,0.02193899475426161
4.591836734693878,24.444444444444443,183.7814338895725,8.639780507959651,21.271539678613184,0.5090228810187402,0.023409403218785835
4.8979591836734695,24.444444444444443,199.55367824498163,8.876323041335068,22.481570050538313,0.5429528711842773,0.02498117169443647
5.204081632653061,24.444444444444443,207.10194927513353,9.696286883459853,21.358892508472778,0.5768819190461284,0.02665429018543021
5.510204081632653,24.444444444444443,221.51915183725154,10.538155708429436,21.0206755305446,0.6108099657103129,0.028428747992324525
5.816326530612245,24.444444444444443,239.4177968122331,11.30366346440602,21.180548904886734,0.6447369522828503,0.03030453371206808
6.122448979591837,24.444444444444443,251.75644016376003,11.74745019239548,21.430730587538942,0.6786628198697606,0.032281635238054204
6.428571428571429,24.444444444444443,268.4166650673915,12.61986165298604,21.26938253747657,0.7125875095770627,0.03436003976017735
6.73469387755102,24.444444444444443,267.7618377962885,13.6595509886531,19.602535838748764,0.7465109625107769,0.036539733764892716
7.040816326530613,24.444444444444443,283.2611670916084,14.647318466798284,19.33877301389253,0.7804331197769226,0.038820703035278854
7.346938775510204,24.444444444444443,293.20337393796103,14.728074799443952,19.907786858132383,0.8143539224815193,0.04120293265110326
7.653061224489796,24.444444444444443,303.969988543742,15.451922861159334,19.671984598616845,0.8482733117305865,0.04368640698889123
7.959183673469388,24.444444444444443,316.9883541847345,16.601840828322764,19.093566638944754,0.8821912286301444,0.04627110972199757
8.26530612244898,24.444444444444443,339.3989588433488,18.460065224696365,18.385577445809446,0.9161076142862121,0.04895702382068137
8.571428571428571,24.444444444444443,348.72931810264834,18.782345115389788,18.56686776652337,0.9500224098048091,0.051744131552184026
8.877551020408163,24.444444444444443,358.7050790898242,19.93673858698022,17.992164441784787,0.9839355562919554,0.05463241448081011
9.183673469387756,24.444444444444443,387.4697764015286,20.933576844228625,18.509487379284337,1.0178469948536704,0.057621853468011346
9.489795918367347,24.444444444444443,376.1736019174124,21.360741196560305,17.61051259672521,1.0517566665959737,0.060712428672473714
9.795918367346939,24.444444444444443,397.66407329830383,23.412369658865114,16.98521247923864,1.085664512624885,0.06390411955020754
10.10204081632653,24.444444444444443,409.72455599352975,24.270495215860404,16.881590274506674,1.1195704740464238,0.0671969048546407
10.408163265306122,24.444444444444443,416.08865149293,25.17676987548106,16.526689227840418,1.15347449196661,0.0705907626367147
10.714285714285715,24.444444444444443,435.32634302249767,27.112330547034126,16.056397006052247,1.187376507491463,0.07408567024498414
11.020408163265307,24.444444444444443,441.32793061530157,27.561673710761035,16.01237774043424,1.2212764617270024,0.07768160432571883
11.326530612244898,24.444444444444443,449.72150843638525,29.535232850357026,15.226611238006507,1.2551742957792476,0.08137854082300935
11.63265306122449,24.444444444444443,486.7156360450658,30.979457030116304,15.71091564232101,1.2890699507542185,0.08517645497887545
11.938775510204081,24.444444444444443,479.2161233311176,32.15249111921876,14.904478833513215,1.3229633677579347,0.08907532133337744
12.244897959183675,24.444444444444443,511.2577995369861,34.58470085908487,14.782773504969802,1.3568544878964162,0.0930751137247309
12.551020408163266,24.444444444444443,517.5998565882006,35.54763406672041,14.560739981082905,1.3907432522756817,0.09717580528942395
12.857142857142858,24.444444444444443,517.1453220495813,36.82697770404798,14.042567549406513,1.4246296020017513,0.10137736846233837
13.16326530612245,24.444444444444443,546.6988174616158,38.28052610101367,14.281382027483138,1.4585134781806444,0.10567977497687296
13.46938775510204,24.444444444444443,535.2132608019932,39.671466426922095,13.491138821094435,1.492394821918381,0.11008299586507048
13.775510204081632,24.444444444444443,563.9557947200267,42.993492865065846,13.117236054534807,1.5262735743209808,0.11458700145774733
14.081632653061225,24.444444444444443,571.1814680669078,42.78803683588516,13.349092650772738,1.5601496764944631,0.11919176138462649
14.387755102040817,24.444444444444443,566.8870198870665,47.91067331170181,11.83216558446088,1.5940230695448476,0.12389724457447346
14.693877551020408,24.444444444444443,590.4945727382893,46.2000926910507,12.781242165184498,1.6278936945781532,0.1287034192552351
15.0,24.444444444444443,605.949512491276,48.436213726241625,12.51025763318462,1.6617614927004005,0.1336102529541821
0.0,28.88888888888889,0.0,6.058989471883388,0.0,0.0,0.012
0.30612244897959184,28.88888888888889,17.768681310683068,6.231692349741405,2.8513412269815293,0.03405883400384519,0.012050712894440195
0.6122448979591837,28.88888888888889,34.18104526989364,6.286547705360373,5.437172653720318,0.06811760890238035,0.012202851835802827
0.9183673469387755,28.88888888888889,53.153133467335046,6.326967637346204,8.401043993585164,0.10217626559029544,0.012456416683114853
1.2244897959183674,28.88888888888889,68.9625337212457,6.583269295666296,10.475423474874875,0.1362347449622804,0.012811406591359162
1.5306122448979593,28.88888888888889,85.04710360764112,6.649293356696945,12.790397271611507,0.1702929879130253,0.013267820011482209
1.836734693877551,28.88888888888889,103.09207550842979,7.092502380634318,14.53536001481183,0.20435093533721993,0.013825654690404693
2.142857142857143,28.88888888888889,125.30269913682584,7.24112962700233,17.304302725029164,0.23840852812955443,0.014484907671035326
2.4489795918367347,28.88888888888889,138.27821361579848,7.761682034652823,17.81549579053113,0.2724657071847186,0.015245575292287605
2.7551020408163267,28.88888888888889,157.79056746841394,8.17772908652636,19.29515710276951,0.3065224133974026,0.016107653189099694
3.0612244897959187,28.88888888888889,169.77831582147027,8.528646909969146,19.906829021496506,0.34057858766229626,0.01707113629245731
3.36734693877551,28.88888888888889,190.73557082111972,9.138875545006755,20.87079202269394,0.3746341708740894,0.0181360188294197
3.673469387755102,28.88888888888889,205.36168950046138,9.780229591076782,20.997634829332416,0.4086891039274722,0.01930229432314865
3.979591836734694,28.88888888888889,225.2563728363764,10.639730076573272,21.17124882071487,0.44274332771713476,0.020569955592940576
4.285714285714286,28.88888888888889,241.9823236944588,11.18855416338998,21.627667003324532,0.47679678313776674,0.02193899475426161
4.591836734693878,28.88888888888889,258.30583376930394,11.756662506635534,21.971017167798642,0.5108494110840583,0.023409403218785835
4.8979591836734695,28.88888888888889,273.55145629367007,12.69402355911285,21.54962569746387,0.5449011524506991,0.02498117169443647
5.204081632653061,28.88888888888889,294.8678826663379,13.974539393138832,21.100365054687316,0.5789519481323795,0.02665429018543021
5.510204081632653,28.88888888888889,312.7482147917831,14.676468663554607,21.30950039558332,0.6130017390237893,0.028428747992324525
5.816326530612245,28.88888888888889,334.92758841803834,15.898230268304705,21.066973038235727,0.6470504660196185,0.03030453371206808
6.122448979591837,28.88888888888889,353.03616682558857,16.521897650179053,21.367773502807204,0.6810980700145572,0.032281635238054204
6.428571428571429,28.88888888888889,369.4596900939483,17.18366167752354,21.50063804952623,0.7151444919032948,0.03436003976017735
6.73469387755102,28.88888888888889,387.4113581532827,19.472769984211133,19.89503077720338,0.7491896725805217,0.036539733764892716
7.040816326530613,28.88888888888889,402.7759234126956,19.712324411966314,20.43269555609543,0.7832335529409282,0.038820703035278854
7.346938775510204,28.88888888888889,405.2882067382875,21.898148280904177,18.507875713478047,0.8172760738792035,0.04120293265110326
7.653061224489796,28.88888888888889,439.93538000261424,22.39631424223542,19.643204468571675,0.851317176290038,0.04368640698889123
7.959183673469388,28.88888888888889,453.36425184724555,24.453389429471006,18.539935052964683,0.885356801068122,0.04627110972199757
8.26530612244898,28.88888888888889,469.8272494721014,24.699397620290636,19.021810033380603,0.9193948891081448,0.04895702382068137
8.571428571428571,28.88888888888889,483.84477437516585,27.138333987037225,17.82883115103075,0.9534313813047967,0.051744131552184026
8.877551020408163,28.88888888888889,502.22254906632276,27.683424206244204,18.14163397290436,0.9874662185527675,0.05463241448081011
9.183673469387756,28.88888888888889,510.73082597012706,28.295440640700434,18.04993364321342,1.0214993417467475,0.057621853468011346
9.489795918367347,28.88888888888889,543.3481782467788,30.593404891973545,17.760304227834776,1.055530691781426,0.060712428672473714
9.795918367346939,28.88888888888889,550.3311734926781,31.859789633424736,17.27353444026871,1.0895602095514936,0.06390411955020754
10.10204081632653,28.88888888888889,574.014542060004,33.700528717673535,17.032805237829226,1.1235878359516402,0.0671969048546407
10.408163265306122,28.88888888888889,608.1339457466405,34.72523262968578,17.512739287648753,1.1576135118765556,0.0705907626367147
10.714285714285715,28.88888888888889,642.2901285831625,38.344912787771634,16.750334839410346,1.19163717822093,0.07408567024498414
11.020408163265307,28.88888888888889,615.69224395847,40.478563918791956,15.210328241724955,1.2256587758794533,0.07768160432571883
11.326530612244898,28.88888888888889,655.0130145366845,41.30032655004012,15.859753887007662,1.2596782457468145,0.08137854082300935
11.63265306122449,28.88888888888889,647.1717675008624,42.87326000587961,15.094997847425406,1.293695528717705,0.08517645497887545
11.938775510204081,28.88888888888889,670.7946885742356,45.31465011736485,14.803042434110795,1.327710565686814,0.08907532133337744
12.244897959183675,28.88888888888889,708.1042121351409,47.520019732435514,14.901176727664815,1.361723297548832,0.0930751137247309
12.551020408163266,28.88888888888889,709.1489890697314,49.34805021594286,14.370354775245545,1.3957336651984482,0.09717580528942395
12.857142857142858,28.88888888888889,720.2953794118808,51.59008003505889,13.96189691743824,1.429741609530353,0.10137736846233837
13.16326530612245,28.88888888888889,767.6572875344098,53.48697242824254,14.35222920056448,1.463747071439236,0.10567977497687296
13.46938775510204,28.88888888888889,782.4272404170496,53.864184226221575,14.525927602114447,1.4977499918197879,0.11008299586507048
13.775510204081632,28.88888888888889,788.7519485688072,58.06393570414174,13.584197126901698,1.5317503115666982,0.11458700145774733
14.081632653061225,28.88888888888889,800.6493268699712,61.549811821554265,13.008152310704386,1.5657479715746572,0.11919176138462649
14.387755102040817,28.88888888888889,813.1179341226346,62.35179712038058,13.040809915274362,1.5997429127383545,0.12389724457447346
14.693877551020408,28.88888888888889,823.1799426336894,65.36070837652495,12.59441586666377,1.6337350759524794,0.1287034192552351
15.0,28.88888888888889,876.0694363309191,69.85284904557336,12.541642156347184,1.667724402111723,0.1336102529541821
0.0,33.333333333333336,0.0,7.89641094056119,0.0,0.0,0.012
0.30612244897959184,33.333333333333336,23.054316272175043,8.044936994486454,2.865692582549145,0.034163149493056,0.012050712894440195
0.6122448979591837,33.333333333333336,44.69827155342397,8.384317664051663,5.331175814708319,0.06832623969977407,0.012202851835802827
0.9183673469387755,33.333333333333336,70.10782429036554,8.385613783404393,8.360488105129873,0.10248921133381625,0.012456416683114853
1.2244897959183674,33.333333333333336,94.22353881209156,8.52135826265165,11.057338033194178,0.13665200510884462,0.012811406591359162
1.5306122448979593,33.333333333333336,116.02649122208722,9.004692273765917,12.885114526358262,0.17081456173852128,0.013267820011482209
1.836734693877551,33.333333333333336,135.3909273853271,9.71723089707549,13.93307711007202,0.20497682193650815,0.013825654690404693
2.142857142857143,33.333333333333336,163.3066178359114,10.06669563840765,16.22246501750233,0.23913872641646747,0.014484907671035326
2.4489795918367347,33.333333333333336,195.3254423718634,10.460817105552422,18.67210184452876,0.2733002158920611,0.015245575292287605
2.7551020408163267,33.333333333333336,211.60939663236488,11.185318196421148,18.918495917270494,0.3074612310769514,0.016107653189099694
3.0612244897959187,33.333333333333336,226.63034151413734,11.322621512108567,20.015712904628646,0.3416217126848002,0.01707113629245731
3.36734693877551,33.333333333333336,254.4126564477377,12.135068832232827,20.9650773279484,0.3757816014292694,0.0181360188294197
3.673469387755102,33.333333333333336,284.89022567439497,12.660270885247773,22.50269589463207,0.40994083802402137,0.01930229432314865
3.979591836734694,33.333333333333336,305.0039102799466,14.327259610469783,21.288363481391936,0.44409936318271825,0.020569955592940576
4.285714285714286,33.333333333333336,322.7606517481639,14.69971658622,21.956930247943042,0.4782571176190218,0.02193899475426161
4.591836734693878,33.333333333333336,359.0581374419106,16.1406600696253,22.24556715109892,0.5124140420465942,0.023409403218785835
4.8979591836734695,33.333333333333336,368.5506157351507,17.10127682550943,21.551058409006952,0.5465700771790973,0.02498117169443647
5.204081632653061,33.333333333333336,397.986819354039,17.757343050103795,22.412520737538642,0.5807251637301937,0.02665429018543021
5.510204081632653,33.333333333333336,411.5335403958379,18.61922989726833,22.102608038381597,0.614879242413545,0.028428747992324525
5.816326530612245,33.333333333333336,442.65377203560405,20.31892136828242,21.785298737686983,0.6490322539428134,0.03030453371206808
6.122448979591837,33.333333333333336,471.9796303837462,22.227727708109665,21.23382275425063,0.6831841390316611,0.032281635238054204
6.428571428571429,33.333333333333336,483.1614299892032,23.818312177542886,20.285292525670744,0.7173348383937497,0.03436003976017735
6.73469387755102,33.333333333333336,524.7068306455262,25.53758719733459,20.54645282622044,0.7514842927427416,0.036539733764892716
7.040816326530613,33.333333333333336,553.909182850989,27.45832863544826,20.172720277515406,0.7856324427922992,0.038820703035278854
7.346938775510204,33.333333333333336,556.3957191380407,28.2021339940067,19.72885169811198,0.8197792292560838,0.04120293265110326
7.653061224489796,33.333333333333336,578.549958797219,30.415245551920176,19.021709287521894,0.853924592847758,0.04368640698889123
7.959183673469388,33.333333333333336,599.8880514925406,30.52789027429583,19.65049160300606,0.8880684742809839,0.04627110972199757
8.26530612244898,33.333333333333336,642.5412733385883,33.80560060986988,19.006947421339177,0.9222108142694233,0.04895702382068137
8.571428571428571,33.333333333333336,654.3478465529381,35.272801233201854,18.551059844291824,0.9563515535267382,0.051744131552184026
8.877551020408163,33.333333333333336,681.7067574600258,38.13700956151328,17.875202206414833,0.9904906327665909,0.05463241448081011
9.183673469387756,33.333333333333336,717.7593782053126,40.044214015628896,17.924171964648316,1.0246279927026434,0.057621853468011346
9.489795918367347,33.333333333333336,711.5168813684263,41.86959975062807,16.99363943305317,1.0587635740485575,0.060712428672473714
9.795918367346939,33.333333333333336,741.4239591972589,45.150524939699984,16.42115922655285,1.0928973175179955,0.06390411955020754
10.10204081632653,33.333333333333336,752.4746304066985,48.73926842909127,15.438775645585293,1.1270291638246197,0.0671969048546407
10.408163265306122,33.333333333333336,788.1513185378958,48.488638625901785,16.25435031531034,1.1611590536820917,0.0705907626367147
10.714285714285715,33.333333333333336,806.0532239378798,51.18534326290472,15.747735045904173,1.195286927804074,0.07408567024498414
11.020408163265307,33.333333333333336,844.1143702986695,53.142181573671095,15.884074482875198,1.2294127269042285,0.07768160432571883
11.326530612244898,33.333333333333336,848.5085715222183,56.19984750538292,15.098058254356413,1.2635363916962168,0.08137854082300935
11.63265306122449,33.333333333333336,841.0147339898339,58.25045617777468,14.437908115657315,1.2976578628937014,0.08517645497887545
11.938775510204081,33.333333333333336,919.0440070552659,61.016718877287545,15.06216695957679,1.3317770812103444,0.08907532133337744
12.244897959183675,33.333333333333336,926.5206588559405,61.903108411623926,14.96727196145068,1.3658939873598082,0.0930751137247309
12.551020408163266,33.333333333333336,935.656204297039,68.33898756098637,13.69139692715012,1.4000085220557539,0.09717580528942395
12.857142857142858,33.333333333333336,991.4964765697837,70.2558471346154,14.112654206133238,1.434120626011844,0.10137736846233837
13.16326530612245,33.333333333333336,974.2681649148561,68.64633143725071,14.192574381129603,1.4682302399417408,0.10567977497687296
13.46938775510204,33.333333333333336,1020.1084432125396,75.7411821997347,13.468345932632047,1.5023373045591062,0.11008299586507048
13.775510204081632,33.333333333333336,1056.0978414427607,78.66708168053266,13.424901736301575,1.5364417605776024,0.11458700145774733
14.081632653061225,33.333333333333336,1109.3460020463904,78.97323037644445,14.047114405203285,1.5705435487108914,0.11919176138462649
14.387755102040817,33.333333333333336,1114.1446621786868,84.87676767231937,13.126615123705278,1.6046426096726354,0.12389724457447346
14.693877551020408,33.333333333333336,1105.395237472169,88.28735859570911,12.520424838328923,1.6387388841764956,0.1287034192552351
15.0,33.333333333333336,1147.649793484484,90.56924863587638,12.6715172177091,1.6728323129361349,0.1336102529541821
0.0,37.77777777777778,0.0,10.726605730465863,0.0,0.0,0.012
0.30612244897959184,37.77777777777778,30.576269678409627,10.717716219723027,2.852871736064663,0.034254389028451016,0.012050712894440195
0.6122448979591837,37.77777777777778,61.116023929788966,10.503621550403913,5.818566828261131,0.06850871861222804,0.012202851835802827
0.9183673469387755,37.77777777777778,91.36170538525235,10.742562568054808,8.504647267024996,0.10276292930665712,0.012456416683114853
1.2244897959183674,37.77777777777778,119.78417577812374,10.975598707342987,10.913680335085932,0.13701696166706423,0.012811406591359162
1.5306122448979593,37.77777777777778,153.34619900278625,11.200463041264218,13.691058881926168,0.17127075624877544,0.013267820011482209
1.836734693877551,37.77777777777778,180.4919553609955,11.919170999668419,15.142995713881161,0.2055242536071167,0.013825654690404693
2.142857142857143,37.77777777777778,206.70210480099058,12.70065890375612,16.27491190554374,0.2397773942974141,0.014484907671035326
2.4489795918367347,37.77777777777778,241.3718504607268,13.73167824085855,17.57773858569784,0.2740301188749935,0.015245575292287605
2.7551020408163267,37.77777777777778,268.3184800992159,14.101300046400281,19.027925029345862,0.30828236789518126,0.016107653189099694
3.0612244897959187,37.77777777777778,297.0654255883732,15.065905268712477,19.717728227409747,0.3425340819133031,0.01707113629245731
3.36734693877551,37.77777777777778,325.09225261093405,15.492059946495157,20.98444323955003,0.376785201484685,0.0181360188294197
3.673469387755102,37.77777777777778,348.1701604781623,17.181067296645242,20.264757390604345,0.41103566716465306,0.01930229432314865
3.979591836734694,37.77777777777778,391.58041353461317,18.090359452701477,21.645806129968165,0.4452854195085335,0.020569955592940576
4.285714285714286,37.77777777777778,416.62419502732905,19.672704787726282,21.17777903561381,0.4795343990716521,0.02193899475426161
4.591836734693878,37.77777777777778,441.5273077179671,20.14774847580058,21.914473880209727,0.513782546409335,0.023409403218785835
4.8979591836734695,37.77777777777778,471.16776614409406,21.993378086654687,21.42316493117503,0.5480298020769079,0.02498117169443647
5.204081632653061,37.77777777777778,502.70142475630377,24.159103046941308,20.80795068341533,0.5822761066296972,0.02665429018543021
5.510204081632653,37.77777777777778,538.5088198271284,25.142836913321666,21.41798165750362,0.6165214006230288,0.028428747992324525
5.816326530612245,37.77777777777778,558.455481713262,26.921154886578826,20.744113098642448,0.6507656246122289,0.03030453371206808
6.122448979591837,37.77777777777778,611.446360399047,27.81365944930062,21.98367178233434,0.6850087191526233,0.032281635238054204
6.428571428571429,37.77777777777778,615.2990626389166,29.230906788778146,21.049605716478563,0.7192506247995377,0.03436003976017735
6.73469387755102,37.77777777777778,658.7447544782108,31.9802351941012,20.598496242445307,0.7534912821082986,0.036539733764892716
7.040816326530613,37.77777777777778,699.0777224235949,35.223980689914036,19.846641655233686,0.7877306316342322,0.038820703035278854
7.346938775510204,37.77777777777778,720.7046614193995,36.28595840473388,19.86180586387312,0.8219686139326637,0.04120293265110326
7.653061224489796,37.77777777777778,748.2217445283208,38.46060111439364,19.45423947750789,0.8562051695589198,0.04368640698889123
7.959183673469388,37.77777777777778,777.7869107928273,40.15929437336451,19.367544249201035,0.8904402390683266,0.04627110972199757
8.26530612244898,37.77777777777778,816.3391101608886,43.8998676222386,18.5954799951914,0.9246737630162096,0.04895702382068137
8.571428571428571,37.77777777777778,825.6195616601885,45.363442939764724,18.200108019941897,0.958905681957895,0.051744131552184026
8.877551020408163,37.77777777777778,873.6156424101844,49.15827124834147,17.771488301465826,0.9931359364487091,0.05463241448081011
9.183673469387756,37.77777777777778,928.4729399325306,51.781581580636846,17.930563563159353,1.0273644670439777,0.057621853468011346
9.489795918367347,37.77777777777778,935.8449306719035,51.746016948427844,18.08535199152824,1.0615912142990263,0.060712428672473714
9.795918367346939,37.77777777777778,987.5729429081479,55.66127243014182,17.74255060639532,1.0958161187691817,0.06390411955020754
10.10204081632653,37.77777777777778,1012.1391507279834,58.508969609748426,17.2988715658282,1.1300391210097698,0.0671969048546407
10.408163265306122,37.77777777777778,1021.8946501699004,63.52255449371821,16.087115172154423,1.1642601615761166,0.0705907626367147
10.714285714285715,37.77777777777778,1046.0561549359163,67.04165964281572,15.603076661721833,1.198479181023548,0.07408567024498414
11.020408163265307,37.77777777777778,1095.5581633440947,68.59443045435003,15.971532325400597,1.2326961199073898,0.07768160432571883
11.326530612244898,37.77777777777778,1083.8025385514964,69.81224373414454,15.524533814996383,1.266910918782968,0.08137854082300935
11.63265306122449,37.77777777777778,1117.616885049163,73.76584228683522,15.150872685807059,1.3011235182056091,0.08517645497887545
11.938775510204081,37.77777777777778,1182.320500079793,77.81886125356264,15.19323825913303,1.3353338587306387,0.08907532133337744
12.244897959183675,37.77777777777778,1214.3179041901742,81.60190493982047,14.88099947036415,1.3695418809133835,0.0930751137247309
12.551020408163266,37.77777777777778,1225.3188681040972,81.35587899115491,15.061220938161274,1.4037475253091685,0.09717580528942395
12.857142857142858,37.77777777777778,1245.2591165313959,90.567511940592,13.7495122682428,1.43795073247332,0.10137736846233837
13.16326530612245,37.77777777777778,1298.7778260557322,91.2413459613469,14.234531641016575,1.4721514429611644,0.10567977497687296
13.46938775510204,37.77777777777778,1322.876523104801,91.9119454911063,14.392868261425354,1.5063495973280274,0.11008299586507048
13.775510204081632,37.77777777777778,1323.9204611723771,99.57600084661613,13.295577748816248,1.5405451361292355,0.11458700145774733
14.081632653061225,37.77777777777778,1376.2329220752688,105.94879501949244,12.989604287826678,1.5747379999201145,0.11919176138462649
14.387755102040817,37.77777777777778,1400.5988845525715,110.7273830134646,12.64907420761725,1.6089281292559903,0.12389724457447346
14.693877551020408,37.77777777777778,1434.5726348170426,116.73684107429332,12.288945131760556,1.6431154646921882,0.1287034192552351
15.0,37.77777777777778,1459.5432477142829,117.20395337392418,12.453020616615186,1.6772999467840353,0.1336102529541821
0.0,42.22222222222222,0.0,13.043675068149021,0.0,0.0,0.012
0.30612244897959184,42.22222222222222,36.991731578957726,12.897003543312056,2.868242336658143,0.034335468610123085,0.012050712894440195
0.6122448979591837,42.22222222222222,75.02359551036183,13.21855093839609,5.675629337890574,0.06867087763486761,0.012202851835802827
0.9183673469387755,42.22222222222222,112.10778243565042,13.609384671777871,8.237534990698823,0.10300616748885501,0.012456416683114853
1.2244897959183674,42.22222222222222,148.11473349962182,13.520897921248624,10.954504232063885,0.13734127858670672,0.012811406591359162
1.5306122448979593,42.22222222222222,186.74606472237014,14.712217996326421,12.6932638415907,0.17167615134304426,0.013267820011482209
1.836734693877551,42.22222222222222,219.93708306528598,14.830854328086097,14.829697480662166,0.20601072617248892,0.013825654690404693
2.142857142857143,42.22222222222222,260.44837073133493,16.041222072007784,16.236192576987133,0.24034494348966232,0.014484907671035326
2.4489795918367347,42.22222222222222,297.2354073372183,16.590752875022705,17.915727488455616,0.27467874370918566,0.015245575292287605
2.7551020408163267,42.22222222222222,335.1677557820778,17.842229548800212,18.78508259662066,0.3090120672456807,0.016107653189099694
3.0612244897959187,42.22222222222222,376.1927839248996,18.58009246139472,20.24708890478043,0.34334485451376867,0.01707113629245731
3.36734693877551,42.22222222222222,412.30026315076975,19.982686548755556,20.632874470847675,0.3776770459280709,0.0181360188294197
3.673469387755102,42.22222222222222,451.07295511458176,21.277282638368636,21.199744477764114,0.412008581903209,0.01930229432314865
3.979591836734694,42.22222222222222,472.97782924406295,21.825169774134583,21.67120962351449,0.4463394028538046,0.020569955592940576
4.285714285714286,42.22222222222222,535.3462770981548,24.400136001129894,21.94029890134074,0.48066944919447874,0.02193899475426161
4.591836734693878,42.22222222222222,564.9220440213643,26.0208566877011,21.710355304649816,0.5149986613398532,0.023409403218785835
4.8979591836734695,42.22222222222222,616.247938644397,26.686087158216516,23.092480174811136,0.549326979704549,0.02498117169443647
5.204081632653061,42.22222222222222,630.459418827386,28.65463222792572,22.002006998818295,0.583654344703188,0.02665429018543021
5.510204081632653,42.22222222222222,664.7021116843841,29.864032587015522,22.25761406292423,0.6179806967503916,0.028428747992324525
5.816326530612245,42.22222222222222,705.3087723711125,33.41259685066952,21.109067802282464,0.652305976260781,0.03030453371206808
6.122448979591837,42.22222222222222,734.0279299925897,33.487419927778845,21.91951280736594,0.686630123648978,0.032281635238054204
6.428571428571429,42.22222222222222,781.4309302100743,37.735349462133364,20.70819381159366,0.7209530793296034,0.03436003976017735
6.73469387755102,42.22222222222222,844.9440827842334,38.423851579613824,21.99009334172338,0.7552747837172793,0.036539733764892716
7.040816326530613,42.22222222222222,848.5225825956188,43.260895004018536,19.614078315226696,0.789595177226627,0.038820703035278854
7.346938775510204,42.22222222222222,918.5870988945716,45.19265423940978,20.32602674824811,0.8239142002722676,0.04120293265110326
7.653061224489796,42.22222222222222,939.1648655425566,47.073247408471666,19.951138220677276,0.8582317932688228,0.04368640698889123
7.959183673469388,42.22222222222222,974.6739004178456,51.1789625915096,19.044424721878602,0.8925478966309143,0.04627110972199757
8.26530612244898,42.22222222222222,1053.4903342807002,51.38608005362765,20.50147302890694,0.9268624507731631,0.04895702382068137
8.571428571428571,42.22222222222222,1073.627211619611,55.33998782245343,19.40056826655104,0.9611753961101906,0.051744131552184026
8.877551020408163,42.22222222222222,1092.636596635054,59.030838570096826,18.50958961624085,0.9954866730566188,0.05463241448081011
9.183673469387756,42.22222222222222,1121.3173571219381,62.3338023026628,17.98891316909184,1.0297962220270684,0.057621853468011346
9.489795918367347,42.22222222222222,1140.2973169669867,64.59325586999614,17.653504249143445,1.0641039834361614,0.060712428672473714
9.795918367346939,42.22222222222222,1183.1774321986245,67.7063051036738,17.47514401187467,1.098409897698519,0.06390411955020754
10.10204081632653,42.22222222222222,1254.606966304061,73.5726266991652,17.052632515542584,1.1327139052287627,0.0671969048546407
10.408163265306122,42.22222222222222,1273.4559422253897,76.32727692802781,16.68415268405533,1.167015946441514,0.0705907626367147
10.714285714285715,42.22222222222222,1320.026856227023,79.56190369167356,16.59119245490312,1.2013159617513947,0.07408567024498414
11.020408163265307,42.22222222222222,1348.1149944257645,88.11170323650786,15.300067356627737,1.2356138915730255,0.07768160432571883
11.326530612244898,42.22222222222222,1419.5390324998807,90.18272526752449,15.74069788076218,1.2699096763210278,0.08137854082300935
11.63265306122449,42.22222222222222,1461.3327150358,93.1993007757521,15.679653204179388,1.3042032564100237,0.08517645497887545
11.938775510204081,42.22222222222222,1475.418819376484,100.67387918357325,14.655428313099362,1.3384945722546342,0.08907532133337744
12.244897959183675,42.22222222222222,1506.3867109082391,99.0907985662259,15.20208468096528,1.3727835642694814,0.0930751137247309
12.551020408163266,42.22222222222222,1564.6048363102034,107.4985197054593,14.554664013952419,1.407070172869186,0.09717580528942395
12.857142857142858,42.22222222222222,1604.036730656388,109.55331843951711,14.641607881024203,1.4413543384683691,0.10137736846233837
13.16326530612245,42.22222222222222,1625.3697359866414,113.29119153098198,14.346832388484044,1.475636001481653,0.10567977497687296
13.46938775510204,42.22222222222222,1677.767974051489,119.34309875518016,14.058357722831161,1.5099151023236588,0.11008299586507048
13.775510204081632,42.22222222222222,1703.190265953386,131.2926421955733,12.97247307595742,1.5441915814090084,0.11458700145774733
14.081632653061225,42.22222222222222,1768.6745022189489,133.60469977387075,13.238115913680238,1.5784653791523227,0.11919176138462649
14.387755102040817,42.22222222222222,1774.9055820593912,137.53089187037625,12.905504777299424,1.6127364359682235,0.12389724457447346
14.693877551020408,42.22222222222222,1828.8066897625934,137.13551118604573,13.335763099913132,1.6470046922713313,0.1287034192552351
15.0,42.22222222222222,1786.8240105931366,151.642723516083,11.783117377231942,1.6812700884762686,0.1336102529541821
0.0,46.66666666666667,0.0,15.595046555854333,0.0,0.0,0.012
0.30612244897959184,46.66666666666667,44.79877399225849,16.093909215421586,2.783585603262331,0.03440842593640899,0.012050712894440195
0.6122448979591837,46.66666666666667,90.65893556430761,16.443896768152104,5.51322699494759,0.06881679216083011,0.012202851835802827
0.9183673469387755,46.66666666666667,139.65454348849457,16.778660022486296,8.323343062040319,0.10322503896127551,0.012456416683114853
1.2244897959183674,46.66666666666667,186.269170488631,17.048188745882204,10.92603872852019,0.13763310662575728,0.012811406591359162
1.5306122448979593,46.66666666666667,228.6982691031638,17.463954676142126,13.095445638987673,0.17204093544228766,0.013267820011482209
1.836734693877551,46.66666666666667,270.5677587886535,18.652179567917152,14.505959360054952,0.20644846569887862,0.013825654690404693
2.142857142857143,46.66666666666667,316.641462228289,18.61167326715734,17.013057218613604,0.24085563768354243,0.014484907671035326
2.4489795918367347,46.66666666666667,376.3921491643918,19.90699868859087,18.90752870648001,0.27526239168429106,0.015245575292287605
2.7551020408163267,46.66666666666667,410.42439549954946,22.023197805242475,18.636003687069035,0.30966866798913695,0.016107653189099694
3.0612244897959187,46.66666666666667,464.0216692779641,22.605959667580347,20.526519382560288,0.344074406886092,0.01707113629245731
3.36734693877551,46.66666666666667,513.0033882694834,23.516083801056997,21.815000856835905,0.3784795486631682,0.0181360188294197
3.673469387755102,46.66666666666667,554.6272630934797,25.7622897313741,21.528647836688123,0.41288403360837794,0.01930229432314865
3.979591836734694,46.66666666666667,598.4221975943855,28.377228936574518,21.08811254727899,0.44728780200973345,0.020569955592940576
4.285714285714286,46.66666666666667,644.3729357484783,30.57299725331063,21.07653791381876,0.4816907941552465,0.02193899475426161
4.591836734693878,46.66666666666667,699.0046459325981,32.258541706150986,21.668823479373636,0.5160929503329296,0.023409403218785835
4.8979591836734695,46.66666666666667,738.704053520264,33.467395897188794,22.072349333349653,0.5504942108307943,0.02498117169443647
5.204081632653061,46.66666666666667,783.0119185490805,35.60297585072506,21.992878399605306,0.5848945159368535,0.02665429018543021
5.510204081632653,46.66666666666667,846.1551716186593,36.88362151449902,22.94121718188747,0.6192938059391189,0.028428747992324525
5.816326530612245,46.66666666666667,866.8667964714247,40.99528349494288,21.145525108476445,0.6536920211256027,0.03030453371206808
6.122448979591837,46.66666666666667,906.4893057816399,42.77317579657303,21.192939006747018,0.6880891017843171,0.032281635238054204
6.428571428571429,46.66666666666667,939.5653471569699,46.915541391369,20.026739952100836,0.7224849882032739,0.03436003976017735
6.73469387755102,46.66666666666667,1025.0974696424896,49.081402059165434,20.88565987595017,0.7568796206704855,0.036539733764892716
7.040816326530613,46.66666666666667,1078.636373459871,51.943647553155344,20.76551078466473,0.7912729394739644,0.038820703035278854
7.346938775510204,46.66666666666667,1098.409553961885,54.96765947513356,19.982832895746398,0.825664884901722,0.04120293265110326
7.653061224489796,46.66666666666667,1151.3640065486745,59.19797856236998,19.4493804435504,0.8600553972417708,0.04368640698889123
7.959183673469388,46.66666666666667,1215.5488232808968,63.37735199346239,19.17954576906724,0.8944444167821233,0.04627110972199757
8.26530612244898,46.66666666666667,1235.3156505316354,65.54404421862168,18.84710754818926,0.9288318838107911,0.04895702382068137
8.571428571428571,46.66666666666667,1329.80938206507,69.14532170844834,19.23209479987987,0.9632177386157863,0.051744131552184026
8.877551020408163,46.66666666666667,1343.076588781232,72.09907195317697,18.628209107233186,0.9976019214851214,0.05463241448081011
9.183673469387756,46.66666666666667,1380.9824350567367,76.46053954867504,18.06137444501812,1.0319843727068083,0.057621853468011346
9.489795918367347,46.66666666666667,1430.7784957809167,81.06427496307771,17.649926511186248,1.066365032568859,0.060712428672473714
9.795918367346939,46.66666666666667,1530.803824900192,84.3759265623727,18.142660913697764,1.1007438413592858,0.06390411955020754
10.10204081632653,46.66666666666667,1446.7404480225193,86.52625531095435,16.72024800822924,1.1351207393661014,0.0671969048546407
10.408163265306122,46.66666666666667,1593.5296276240672,95.92392526499343,16.612431395211175,1.1694956668773169,0.0705907626367147
10.714285714285715,46.66666666666667,1626.2784202356772,100.63413373509793,16.160306248738383,1.2038685641809455,0.07408567024498414
11.020408163265307,46.66666666666667,1593.8932842214706,102.60713656645375,15.533941766216056,1.2382393715649984,0.07768160432571883
11.326530612244898,46.66666666666667,1680.8516988681456,104.2261055481976,16.126974043857604,1.2726080293174877,0.08137854082300935
11.63265306122449,46.66666666666667,1793.9927970071674,114.3563407534954,15.687742237872651,1.3069744777264263,0.08517645497887545
11.938775510204081,46.66666666666667,1790.7594092109646,118.28154679631449,15.139803779322596,1.3413386570798258,0.08907532133337744
12.244897959183675,46.66666666666667,1819.8244145157628,121.48015420822878,14.98042562076771,1.3757005076656992,0.0930751137247309
12.551020408163266,46.66666666666667,1872.9264523380484,128.3558484716965,14.591672094715994,1.4100599697720573,0.09717580528942395
12.857142857142858,46.66666666666667,1944.5613170625493,136.43095045411116,14.253080482031873,1.4444169836869127,0.10137736846233837
13.16326530612245,46.66666666666667,1928.3804917639852,139.23752607280153,13.849574508783753,1.4787714896982778,0.10567977497687296
13.46938775510204,46.66666666666667,2053.1473696417506,148.21441739478848,13.852548259005898,1.5131234280941646,0.11008299586507048
13.775510204081632,46.66666666666667,2024.4960387319645,153.01089624615304,13.23105797298971,1.5474727391625855,0.11458700145774733
14.081632653061225,46.66666666666667,2151.2532403269506,160.7013383343554,13.386654166196491,1.5818193631915525,0.11919176138462649
14.387755102040817,46.66666666666667,2149.372302376447,171.7484255432954,12.51465505769437,1.6161632404690776,0.12389724457447346
14.693877551020408,46.66666666666667,2150.970631555029,169.5469515294923,12.686578037239864,1.6505043112831723,0.1287034192552351
15.0,46.66666666666667,2216.880041190588,178.888833793826,12.3925009413701,1.6848425159218499,0.1336102529541821
0.0,51.111111111111114,0.0,19.155763294267157,0.0,0.0,0.012
0.30612244897959184,51.111111111111114,56.08457223574586,18.982762073873456,2.9545000889484223,0.034474741167727516,0.012050712894440195
0.6122448979591837,51.111111111111114,113.48196643982713,19.321026284072833,5.873495784919835,0.06894942250838447,0.012202851835802827
0.9183673469387755,51.111111111111114,168.56131049761507,19.91170050541871,8.465440229564686,0.1034239841949003,0.012456416683114853
1.2244897959183674,51.111111111111114,221.26311351378226,20.3966493864009,10.848012794753705,0.13789836640020445,0.012811406591359162
1.5306122448979593,51.111111111111114,277.3346125901548,21.22973982646237,13.063495589543859,0.17237250929722642,0.013267820011482209
1.836734693877551,51.111111111111114,338.6093835081553,22.44344418004098,15.087229071965773,0.20684635305889554,0.013825654690404693
2.142857142857143,51.111111111111114,397.8097377218706,23.093350688365977,17.226159299710464,0.24131983785814135,0.014484907671035326
2.4489795918367347,51.111111111111114,429.4126636684224,24.102738522998482,17.815928395799634,0.2757929038678931,0.015245575292287605
2.7551020408163267,51.111111111111114,494.38500389115933,25.7051951671453,19.232882717928163,0.3102654912610806,0.016107653189099694
3.0612244897959187,51.111111111111114,549.5838849523925,27.418071732731047,20.04458556785787,0.344737540210633,0.01707113629245731
3.36734693877551,51.111111111111114,590.7355663616011,29.17008427120367,20.25141788653547,0.3792089908894797,0.0181360188294197
3.673469387755102,51.111111111111114,691.3655278689247,31.85605911406522,21.70279523256127,0.4136797834705503,0.01930229432314865
3.979591836734694,51.111111111111114,712.9728901688625,32.52628168803258,21.91990148173583,0.4481498581267743,0.020569955592940576
4.285714285714286,51.111111111111114,781.1298166372239,34.62661839470758,22.55865148982073,0.48261915503108094,0.02193899475426161
4.591836734693878,51.111111111111114,807.9581927682756,37.922217075854554,21.30566868366751,0.5170876143563998,0.023409403218785835
4.8979591836734695,51.111111111111114,853.195652523277,40.36082180634938,21.139204167271345,0.5515551762756601,0.02498117169443647
5.204081632653061,51.111111111111114,934.0124274629068,41.860916909917506,22.31227828747403,0.5860217809617916,0.02665429018543021
5.510204081632653,51.111111111111114,1019.4888320796956,46.25316481910709,22.04149350788958,0.6204873685877237,0.028428747992324525
5.816326530612245,51.111111111111114,981.0738248966991,48.70534346429213,20.143042941807078,0.6549518793263855,0.03030453371206808
6.122448979591837,51.111111111111114,1108.6307168902913,51.660183196369445,21.460061662503033,0.6894152533507071,0.032281635238054204
6.428571428571429,51.111111111111114,1114.3136611963314,56.10333238978901,19.861808804054927,0.723877430833617,0.03436003976017735
6.73469387755102,51.111111111111114,1160.2015282912012,59.35307329390964,19.54745498259232,0.7583383519480453,0.036539733764892716
7.040816326530613,51.111111111111114,1284.4662763846186,63.194016598432356,20.325757809426566,0.7927979568669216,0.038820703035278854
7.346938775510204,51.111111111111114,1293.699465830537,63.90412040341741,20.244382641738916,0.8272561857631747,0.04120293265110326
7.653061224489796,51.111111111111114,1362.9739322182822,70.6986359085812,19.278645403862004,0.8617129788097344,0.04368640698889123
7.959183673469388,51.111111111111114,1479.8398083255556,74.13587250146034,19.961184220181742,0.8961682761795305,0.04627110972199757
8.26530612244898,51.111111111111114,1506.5974111749904,81.11802095253614,18.57290640826324,0.9306220180454918,0.04895702382068137
8.571428571428571,51.111111111111114,1515.4584604489967,84.17603260611028,18.00344365884251,0.965074144580548,0.051744131552184026
8.877551020408163,51.111111111111114,1632.3972691605811,85.85184641190112,19.01411952549796,0.9995245959576285,0.05463241448081011
9.183673469387756,51.111111111111114,1639.1786964265418,92.4865872165148,17.723420722500645,1.033973312349663,0.057621853468011346
9.489795918367347,51.111111111111114,1626.4256328862032,98.53524169862504,16.50602977014769,1.0684202339295803,0.060712428672473714
9.795918367346939,51.111111111111114,1790.8054970682633,104.31452419952346,17.167364859403197,1.1028653008703106,0.06390411955020754
10.10204081632653,51.111111111111114,1809.2957101345069,109.70023332389673,16.493088987262674,1.137308453344783,0.0671969048546407
10.408163265306122,51.111111111111114,1902.8988189733645,110.67917541791117,17.19292551456269,1.1717496315259268,0.0705907626367147
10.714285714285715,51.111111111111114,1922.6154998430513,117.25360312169413,16.397069673395233,1.206188775586672,0.07408567024498414
11.020408163265307,51.111111111111114,1979.305988327198,122.30062124986846,16.183940589176093,1.2406258256999476,0.07768160432571883
11.326530612244898,51.111111111111114,2070.748912595659,132.25879695732075,15.656795315202203,1.2750607220386825,0.08137854082300935
11.63265306122449,51.111111111111114,2139.0424538831353,133.1961979140661,16.059335682112913,1.3094934047758071,0.08517645497887545
11.938775510204081,51.111111111111114,2228.00719712831,140.82064029492514,15.821595417135754,1.3439238140842502,0.08907532133337744
12.244897959183675,51.111111111111114,2201.290743913703,148.19671075810737,14.853843466922408,1.3783518901369423,0.0930751137247309
12.551020408163266,51.111111111111114,2298.379191012607,149.55052196565813,15.368580201548161,1.4127775731068113,0.09717580528942395
12.857142857142858,51.111111111111114,2353.0697297407023,164.39901597669098,14.313161887017184,1.4472008031667873,0.10137736846233837
13.16326530612245,51.111111111111114,2366.9187818607015,167.69494251141447,14.114431517215213,1.4816215204898,0.10567977497687296
13.46938775510204,51.111111111111114,2423.357289706409,175.21339256249786,13.830890745648956,1.5160396652487786,0.11008299586507048
13.775510204081632,51.111111111111114,2536.4386557009316,187.95962815432955,13.494592858091405,1.5504551776166529,0.11458700145774733
14.081632653061225,51.111111111111114,2517.357285230999,196.0015388500154,12.84355878020598,1.584867997766352,0.11919176138462649
14.387755102040817,51.111111111111114,2499.5625825370726,198.71587227886812,12.578575399499588,1.6192780658708057,0.12389724457447346
14.693877551020408,51.111111111111114,2657.483762751748,202.350464239264,13.133074701570619,1.6536853221029422,0.1287034192552351
15.0,51.111111111111114,2713.1070607898714,215.31302983310374,12.600756502720206,1.6880897066356921,0.1336102529541821
0.0,55.55555555555556,0.0,22.8369402084874,0.0,0.0,0.012
0.30612244897959184,55.55555555555556,63.585395376112196,22.10162370624223,2.8769558391383514,0.03453552343222277,0.012050712894440195
0.6122448979591837,55.55555555555556,134.54939423576354,23.336180754188902,5.765699008463996,0.06907098693189413,0.012202851835802827
0.9183673469387755,55.55555555555556,200.864468661959,22.869848600468693,8.782938276987217,0.10360633056646269,0.012456416683114853
1.2244897959183674,55.55555555555556,262.77887126180104,25.361787731011773,10.36121246849178,0.13814149440337703,0.012811406591359162
1.5306122448979593,55.55555555555556,328.1628769868006,25.581966824318837,12.827898622510956,0.1726764185100858,0.013267820011482209
1.836734693877551,55.55555555555556,384.46718007156227,26.151625112792708,14.701464188682131,0.20721104295403747,0.013825654690404693
2.142857142857143,55.55555555555556,460.5389183361557,27.930613980666436,16.488678646840366,0.2417453078026808,0.014484907671035326
2.4489795918367347,55.55555555555556,520.9540163637286,29.522881930159926,17.64577108685089,0.2762791531234642,0.015245575292287605
2.7551020408163267,55.55555555555556,600.5852025171705,30.736607139986244,19.539736438113557,0.3108125189838365,0.016107653189099694
3.0612244897959187,55.55555555555556,658.4487153734307,32.58178421607382,20.20910552371141,0.3453453454512462,0.01707113629245731
3.36734693877551,55.55555555555556,718.8528930668297,34.20742331259612,21.014529112519508,0.37987757259314164,0.0181360188294197
3.673469387755102,55.55555555555556,783.8351234348895,36.66969555394508,21.37555579870532,0.4144091404769717,0.01930229432314865
3.979591836734694,55.55555555555556,833.4496359927853,38.79581931385742,21.48297550440149,0.44893998917018507,0.020569955592940576
4.285714285714286,55.55555555555556,899.9089099436164,42.11885716604373,21.36593845355149,0.4834700587402301,0.02193899475426161
4.591836734693878,55.55555555555556,974.685509585373,44.547877084789924,21.879505228278585,0.5179992892545555,0.023409403218785835
4.8979591836734695,55.55555555555556,1028.7919286630022,48.18540452642983,21.350696103395936,0.5525276207806097,0.02498117169443647
5.204081632653061,55.55555555555556,1086.9874890983845,49.62594091367581,21.90361470403546,0.5870549933858416,0.02665429018543021
5.510204081632653,55.55555555555556,1167.5604722569662,54.55251852576709,21.4025035655409,0.6215813471376995,0.028428747992324525
5.816326530612245,55.55555555555556,1254.3727744337075,54.406562830200244,23.055541632882285,0.6561066221036322,0.03030453371206808
6.122448979591837,55.55555555555556,1318.2846329398317,60.70874980221832,21.714903325050205,0.6906307583510884,0.032281635238054204
6.428571428571429,55.55555555555556,1330.3198499950574,66.65188749001288,19.959222463045666,0.7251536959475162,0.03436003976017735
6.73469387755102,55.55555555555556,1458.4184887465008,66.97065434355693,21.77697833538954,0.7596753749603646,0.036539733764892716
7.040816326530613,55.55555555555556,1488.9942563509205,74.14720858776082,20.08159558142426,0.7941957354570823,0.038820703035278854
7.346938775510204,55.55555555555556,1551.6882476483186,76.68215257826925,20.23532458957141,0.8287147175051175,0.04120293265110326
7.653061224489796,55.55555555555556,1606.8156828444155,82.96974575332489,19.366284279351607,0.863232261171919,0.04368640698889123
7.959183673469388,55.55555555555556,1690.4625797883516,88.00702295933802,19.20826910108524,0.8977483065249358,0.04627110972199757
8.26530612244898,55.55555555555556,1775.7370774847836,93.23888796402373,19.04502634319226,0.9322627936316158,0.04895702382068137
8.571428571428571,55.55555555555556,1837.1808945695532,99.74689230353505,18.418427403020385,0.9667756625594078,0.051744131552184026
8.877551020408163,55.55555555555556,1872.4682883663359,103.8600800557294,18.02875837724758,1.0012868533757606,0.05463241448081011
9.183673469387756,55.55555555555556,1924.7476686009973,106.91697402116449,18.00226471261699,1.0357963061481228,0.057621853468011346
9.489795918367347,55.55555555555556,2018.0152422121298,118.47436213569796,17.033349712410683,1.0703039609439424,0.060712428672473714
9.795918367346939,55.55555555555556,2120.484180066429,119.27633741427933,17.777911579405792,1.1048097578306688,0.06390411955020754
10.10204081632653,55.55555555555556,2154.8182090625883,126.82458624622869,16.990540027302195,1.1393136368757504,0.0671969048546407
10.408163265306122,55.55555555555556,2236.724143150498,139.03581255544427,16.08739577264343,1.1738155381466355,0.0705907626367147
10.714285714285715,55.55555555555556,2363.4386749466285,134.44558618028788,17.57914664284569,1.2083154017107733,0.07408567024498414
11.020408163265307,55.55555555555556,2346.7019899880015,146.63699258152243,16.003478717577757,1.2428131676356118,0.07768160432571883
11.326530612244898,55.55555555555556,2480.574878029378,150.23462332961705,16.511339550450757,1.2773087759885993,0.08137854082300935
11.63265306122449,55.55555555555556,2498.8916393201916,156.13334330554602,16.0048557624874,1.311802166837185,0.08517645497887545
11.938775510204081,55.55555555555556,2588.0114234547686,164.84474375248527,15.699690293678234,1.3462932802488174,0.08907532133337744
12.244897959183675,55.55555555555556,2605.599028522481,174.4939092639047,14.932320787092754,1.3807820562909456,0.0930751137247309
12.551020408163266,55.55555555555556,2660.049065348159,186.00208195939118,14.301178983195,1.4152684350310172,0.09717580528942395
12.857142857142858,55.55555555555556,2757.0796263739276,190.26018771228297,14.491101157448998,1.449752356536481,0.10137736846233837
13.16326530612245,55.55555555555556,2746.839109315357,197.95975397396452,13.875745216760668,1.4842337608747858,0.10567977497687296
13.46938775510204,55.55555555555556,2975.6466535040386,210.95867685958464,14.105353227469505,1.5187125881133805,0.11008299586507048
13.775510204081632,55.55555555555556,2781.551186689658,214.70499673962433,12.955223347982363,1.5531887783197136,0.11458700145774733
14.081632653061225,55.55555555555556,3127.248778693672,223.60054339725713,13.9858728927044,1.5876622715612334,0.11919176138462649
14.387755102040817,55.55555555555556,3032.8799119796395,245.521675547028,12.35279901549349,1.6221330079053888,0.12389724457447346
14.693877551020408,55.55555555555556,3118.601002721816,233.3915094571104,13.362101346257033,1.6566009274196276,0.1287034192552351
15.0,55.55555555555556,3217.436575529888,250.09983672964216,12.864608860212636,1.6910659701713995,0.1336102529541821
0.0,60.0,0.0,26.766842979663945,0.0,0.0,0.012
0.30612244897959184,60.0,74.24852567584449,26.213063233671182,2.8325009181098237,0.03459162532828459,0.012050712894440195
0.6122448979591837,60.0,148.19024661815226,27.050455217218147,5.478290307063899,0.06918319062665917,0.012202851835802827
0.9183673469387755,60.0,232.5205312736739,27.760317547723453,8.376004016306444,0.10377463586521381,0.012456416683114853
1.2244897959183674,60.0,312.5730556796242,27.834404952205176,11.229737305911426,0.13836590101403845,0.012811406591359162
1.5306122448979593,60.0,375.5036994307398,28.983484459103174,12.95578176463186,0.17295692604322316,0.013267820011482209
1.836734693877551,60.0,438.5050721809981,30.818673997328027,14.22855091750594,0.20754765092285785,0.013825654690404693
2.142857142857143,60.0,540.5450455853862,31.968283884619662,16.908791461447485,0.24213801562303267,0.014484907671035326
2.4489795918367347,60.0,629.4515213286312,33.934729409382044,18.548888772179357,0.27672796011383743,0.015245575292287605
2.7551020408163267,60.0,702.7664155894861,35.88671069347599,19.582915291181735,0.3113174243653624,0.016107653189099694
3.0612244897959187,60.0,758.4419464715727,37.00371142399298,20.49637501982581,0.34590634834769746,0.01707113629245731
3.36734693877551,60.0,831.2939941527789,40.68342166691017,20.433236932696623,0.38049467203093246,0.0181360188294197
3.673469387755102,60.0,904.6094540890051,43.14862642377971,20.96496526226532,0.4150823353851576,0.01930229432314865
3.979591836734694,60.0,1006.5001983843468,45.26375058490444,22.23634112017259,0.449669278380463,0.020569955592940576
4.285714285714286,60.0,1104.6549032887394,48.19981554400594,22.918239226044356,0.48425544098693835,0.02193899475426161
4.591836734693878,60.0,1137.9508905466068,50.869310294185055,22.370086874889036,0.518840763174674,0.023409403218785835
4.8979591836734695,60.0,1227.3313956340007,55.490407523961416,22.11790200142294,0.5534251849137595,0.02498117169443647
5.204081632653061,60.0,1282.6343225469764,58.71272518899383,21.84593405293707,0.5880086461742853,0.02665429018543021
5.510204081632653,60.0,1404.5145257259844,62.22993701258246,22.569756505490297,0.6225910869263412,0.028428747992324525
5.816326530612245,60.0,1449.3488109885964,68.34820640106695,21.20536715307238,0.6571724471400173,0.03030453371206808
6.122448979591837,60.0,1537.3468728218734,73.03195490043208,21.050331665334866,0.6917526667854038,0.032281635238054204
6.428571428571429,60.0,1672.8754181011136,77.05892764468709,21.70904097984099,0.7263316858325901,0.03436003976017735
6.73469387755102,60.0,1663.3603416395686,81.28497631976828,20.463318277857997,0.7609094442516667,0.036539733764892716
7.040816326530613,60.0,1751.416928162473,84.22915768690729,20.793475516789073,0.7954858820127237,0.038820703035278854
7.346938775510204,60.0,1854.288397569331,91.09805182006768,20.354863364496847,0.8300609390858507,0.04120293265110326
7.653061224489796,60.0,1867.2623188848318,98.6834591395857,18.921735569115267,0.8646345554411378,0.04368640698889123
7.959183673469388,60.0,1995.025484668113,99.24948067038301,20.101117619887432,0.8992066710486755,0.04627110972199757
8.26530612244898,60.0,2040.7321951617398,107.50520375179669,18.98263641147356,0.9337772258785533,0.04895702382068137
8.571428571428571,60.0,2169.0769231454856,114.57538371675777,18.931439309054976,0.9683461599008611,0.051744131552184026
8.877551020408163,60.0,2209.373626073322,119.46864027132325,18.49333533097598,1.0029134130856894,0.05463241448081011
9.183673469387756,60.0,2326.800164789465,125.79874807398943,18.496210816191436,1.0374789254031278,0.057621853468011346
9.489795918367347,60.0,2461.155472152872,132.66927941788438,18.551057810457195,1.0720426368232663,0.060712428672473714
9.795918367346939,60.0,2504.8155817985908,139.49207166846935,17.956687801954676,1.1066044873161953,0.06390411955020754
10.10204081632653,60.0,2493.6270425215066,145.08294488243416,17.187595995809023,1.1411644168520045,0.0671969048546407
10.408163265306122,60.0,2559.8555777808,151.03023173711767,16.94929252466797,1.1757223654007842,0.0705907626367147
10.714285714285715,60.0,2649.845249501136,157.550756180948,16.818994168823743,1.2102782729326245,0.07408567024498414
11.020408163265307,60.0,2841.147800838255,173.86807878375063,16.340824725923085,1.2448320794176146,0.07768160432571883
11.326530612244898,60.0,2712.3124332140737,176.18723804930846,15.394488631775902,1.2793837248258448,0.08137854082300935
11.63265306122449,60.0,2968.204428911765,186.8444653338089,15.885963887712107,1.3139331491274058,0.08517645497887545
11.938775510204081,60.0,2995.859489000126,194.99722918444186,15.363600301040353,1.3484802922923869,0.08907532133337744
12.244897959183675,60.0,3040.0789452948206,207.27810028506295,14.666667347461681,1.3830250942908788,0.0930751137247309
12.551020408163266,60.0,3038.2010104532274,221.01767459630773,13.746416507198122,1.4175674950929706,0.09717580528942395
12.857142857142858,60.0,3210.7468550837043,225.63310152057983,14.229946020534822,1.4521074346687528,0.10137736846233837
13.16326530612245,60.0,3216.4278465012076,229.1198266654775,14.038190816185011,1.4866448529883152,0.10567977497687296
13.46938775510204,60.0,3360.5209239079613,242.7339782554888,13.844460293774185,1.521179690021748,0.11008299586507048
13.775510204081632,60.0,3470.070513812472,247.3230944748454,14.030515513242555,1.5557118857391417,0.11458700145774733
14.081632653061225,60.0,3432.3759666440415,269.2547337878697,12.74769033159585,1.5902413801105857,0.11919176138462649
14.387755102040817,60.0,3687.4885473957243,270.36733292214234,13.63880949499772,1.6247681131061702,0.12389724457447346
14.693877551020408,60.0,3682.1348380061186,290.9565828345512,12.655272488197724,1.6592920246959844,0.1287034192552351
15.0,60.0,3840.7107719643623,287.53832324457755,13.357213496364057,1.6938130548501193,0.1336102529541821
